order_date,total,status,first_name,last_name,address,city,state,postal_code,phone,email
2021-05-12 01:15:57,0,4,Lambert,Diament,4383 Gulseth Center,Santa Fe,New Mexico,87592,505-883-1192,ldiament0@indiegogo.com
2021-03-03 20:30:26,0,1,Tallie,Fettiplace,0039 Anderson Plaza,Salt Lake City,Utah,84115,801-350-2420,tfettiplace1@tripod.com
2021-03-20 07:34:39,0,2,Lyle,Sacher,089 Russell Way,Vancouver,Washington,98687,360-840-3336,lsacher2@ucsd.edu
2021-10-12 04:52:14,0,6,Keen,Bertelsen,99 Meadow Vale Lane,Beaumont,Texas,77713,409-236-3506,kbertelsen3@ocn.ne.jp
2021-11-06 21:09:22,0,3,Isa,Durnell,8 Gulseth Point,Dearborn,Michigan,48126,734-288-6393,idurnell4@ftc.gov
2021-05-03 18:05:20,0,4,Gipsy,Faireclough,9429 Ridgeway Hill,Anaheim,California,92805,310-887-6490,gfaireclough5@wikispaces.com
2021-08-28 02:07:01,0,1,Solomon,Auger,11252 Erie Street,Houston,Texas,77271,713-183-6812,sauger6@usgs.gov
2021-02-17 23:26:10,0,4,Rosaline,Gennrich,33 Miller Alley,Des Moines,Iowa,50369,515-133-7805,rgennrich7@oakley.com
2021-03-01 16:35:40,0,1,Trueman,Kirtlan,32 Thierer Center,Torrance,California,90505,310-469-6263,tkirtlan8@amazonaws.com
2021-07-12 11:42:13,0,1,Nerty,Goodwin,5 Dawn Way,Charlotte,North Carolina,28220,704-899-0827,ngoodwin9@mysql.com
2021-03-14 19:26:35,0,6,Ava,Matyugin,23093 Darwin Pass,Waco,Texas,76796,254-152-9356,amatyugina@mayoclinic.com
2021-04-21 21:33:18,0,7,Rickie,Birckmann,7444 Forest Court,Naperville,Illinois,60567,630-564-6909,rbirckmannb@upenn.edu
2021-08-14 00:09:29,0,3,Hamnet,Lube,21425 Arizona Junction,Cumming,Georgia,30130,706-739-4054,hlubec@washingtonpost.com
2021-09-12 17:38:35,0,2,Lelia,Le Barr,59 Michigan Parkway,Tulsa,Oklahoma,74103,918-856-5308,llebarrd@samsung.com
2021-07-28 11:45:48,0,3,Skipton,Scopyn,1672 Duke Terrace,Canton,Ohio,44760,234-383-2340,sscopyne@wix.com
2021-02-23 10:17:23,0,6,Max,Albrecht,4 Comanche Plaza,Boise,Idaho,83732,208-332-0088,malbrechtf@microsoft.com
2021-02-11 10:18:51,0,5,Rochelle,Desaur,7511 Oxford Street,Philadelphia,Pennsylvania,19146,215-648-7820,rdesaurg@gmpg.org
2021-06-22 05:20:40,0,4,Jerrine,Dawtry,2933 Johnson Crossing,Portland,Oregon,97229,971-275-0152,jdawtryh@businesswire.com
2021-11-25 08:01:15,0,1,Skelly,Beet,12292 Orin Lane,Lancaster,Pennsylvania,17622,717-248-4911,sbeeti@qq.com
2021-03-31 09:56:43,0,3,Rourke,Shyre,33 Marquette Road,Anchorage,Alaska,99599,907-228-3342,rshyrej@squidoo.com
2021-06-22 04:32:57,0,4,Lynne,Raybould,99 La Follette Junction,Augusta,Georgia,30905,706-731-3485,lraybouldk@smugmug.com
2021-04-27 02:54:45,0,1,Gypsy,Walding,6089 Northview Junction,Cleveland,Ohio,44197,216-377-6289,gwaldingl@cocolog-nifty.com
2021-01-31 08:08:25,0,2,Lauralee,Skaif,74 Transport Place,Sterling,Virginia,20167,571-283-0714,lskaifm@devhub.com
2021-11-25 12:44:17,0,1,Christian,Banford,9 Commercial Point,Jackson,Mississippi,39296,601-858-0609,cbanfordn@arizona.edu
2021-07-06 04:01:07,0,1,Ferguson,Daintith,33 Meadow Valley Lane,Lexington,Kentucky,40515,859-872-5284,fdaintitho@dropbox.com
2021-02-15 17:36:42,0,4,Amalia,Floyed,78 Hovde Center,Brooklyn,New York,11236,718-785-1698,afloyedp@webnode.com
2021-03-09 12:16:18,0,7,Daryl,Winnett,4 Eggendart Way,Knoxville,Tennessee,37939,865-508-9738,dwinnettq@altervista.org
2021-10-19 07:20:00,0,5,Frederigo,Mussared,73685 Jay Court,Corona,California,92878,951-663-5573,fmussaredr@google.com.au
2021-06-08 13:30:29,0,2,Chloe,Sauvage,484 Sherman Point,Macon,Georgia,31205,478-372-9683,csauvages@hexun.com
2021-03-18 16:19:47,0,4,Freda,Cheverton,5 Graedel Way,Santa Cruz,California,95064,831-196-7812,fchevertont@delicious.com
2021-02-13 19:55:13,0,4,Faydra,Bonde,74815 Golf Place,Atlanta,Georgia,30336,404-432-3417,fbondeu@umn.edu
2021-01-12 23:37:21,0,7,Saunder,Caygill,10718 Manley Center,Dallas,Texas,75265,214-876-7452,scaygillv@illinois.edu
2021-02-12 19:03:49,0,2,Roger,Staniforth,473 Stephen Road,Fresno,California,93726,209-879-1350,rstaniforthw@mail.ru
2021-01-25 12:32:37,0,6,Bernadene,Silverson,37365 John Wall Alley,Kansas City,Missouri,64144,816-194-2567,bsilversonx@theguardian.com
2021-09-13 04:45:48,0,7,Philippa,Jouanny,63 Springs Parkway,Spokane,Washington,99205,509-649-3148,pjouannyy@dedecms.com
2021-09-01 21:06:05,0,2,Albert,Welch,9 Anthes Place,Dallas,Texas,75397,214-415-3310,awelchz@typepad.com
2021-10-02 16:38:47,0,1,Olvan,Broadbury,71984 Melody Circle,Peoria,Illinois,61651,309-493-3423,obroadbury10@bbc.co.uk
2021-06-01 13:36:09,0,6,Lionel,Simmers,1403 Bowman Lane,Montgomery,Alabama,36104,334-718-6992,lsimmers11@comsenz.com
2021-12-04 06:05:00,0,7,Joell,Nowland,48166 Loftsgordon Place,Denver,Colorado,80249,720-708-6485,jnowland12@engadget.com
2021-04-17 11:11:47,0,6,Allie,Wogdon,81745 Dunning Junction,Portsmouth,New Hampshire,00214,603-341-2925,awogdon13@howstuffworks.com
2021-10-22 14:55:42,0,4,Barn,Houlaghan,3 Village Green Court,Amarillo,Texas,79176,806-497-1946,bhoulaghan14@wordpress.com
2021-10-24 08:39:03,0,1,Allegra,Heyward,744 Dayton Plaza,Riverside,California,92519,951-891-0530,aheyward15@ycombinator.com
2021-08-06 00:28:30,0,2,Nannie,Cuerda,15 Waywood Court,New Orleans,Louisiana,70154,504-364-7314,ncuerda16@google.co.uk
2021-04-26 04:57:01,0,6,Shaina,Smy,98 Crescent Oaks Street,Saint Louis,Missouri,63196,314-616-6877,ssmy17@state.tx.us
2021-05-03 13:46:19,0,5,Randell,Rymell,6159 Westerfield Crossing,White Plains,New York,10633,914-484-8586,rrymell18@hud.gov
2021-03-05 22:14:12,0,1,Mandi,Noble,0957 Sachs Avenue,Louisville,Kentucky,40250,502-917-0706,mnoble19@nba.com
2021-09-20 12:14:27,0,2,Gerry,Martin,6472 Bultman Place,Littleton,Colorado,80161,303-327-7971,gmartin1a@techcrunch.com
2021-05-21 09:39:16,0,6,Tate,Chipperfield,291 Melby Drive,Pittsburgh,Pennsylvania,15266,-275-0314,tchipperfield1b@deviantart.com
2021-07-29 02:35:35,0,2,Elton,O'Geneay,64161 Superior Crossing,Brooklyn,New York,11210,718-225-6524,eogeneay1c@sbwire.com
2021-09-12 15:19:37,0,5,Elysia,Spalls,490 Clemons Street,Atlanta,Georgia,30311,404-974-5058,espalls1d@trellian.com
2021-07-19 03:43:37,0,4,Maribeth,Faiers,3442 Gateway Park,El Paso,Texas,79977,915-681-6329,mfaiers1e@shutterfly.com
2021-01-27 19:48:15,0,4,Remus,Meechan,16137 Cambridge Hill,Roanoke,Virginia,24048,540-427-1763,rmeechan1f@wikispaces.com
2021-03-04 18:49:01,0,7,Sarina,Frye,3214 Parkside Lane,Amarillo,Texas,79171,806-462-4995,sfrye1g@acquirethisname.com
2021-04-02 23:25:06,0,3,Merrel,Garmey,51499 Mallard Terrace,Rochester,New York,14639,585-253-6487,mgarmey1h@tuttocitta.it
2021-07-04 20:59:13,0,5,Kim,Clear,136 Ridgeway Pass,Irvine,California,92619,949-506-9745,kclear1i@businessinsider.com
2021-11-08 10:35:13,0,2,Georgi,Albrooke,744 Bonner Avenue,Washington,District of Columbia,20580,202-684-8182,galbrooke1j@yahoo.co.jp
2021-11-04 16:13:54,0,2,Brendan,Brazier,2 Jana Hill,Washington,District of Columbia,20010,202-490-0391,bbrazier1k@youku.com
2021-09-13 21:44:10,0,3,Kimmie,Thiolier,01139 Mandrake Place,Brooklyn,New York,11247,212-385-4584,kthiolier1l@google.com
2021-10-06 19:22:40,0,5,Earl,Najafian,48511 Northland Road,Baltimore,Maryland,21281,410-716-5711,enajafian1m@linkedin.com
2021-11-16 06:39:50,0,6,Rona,Le Grove,63 Warrior Junction,Petaluma,California,94975,707-369-4872,rlegrove1n@phpbb.com
2021-04-16 01:51:38,0,3,Sydney,Frantzen,7 Upham Crossing,Knoxville,Tennessee,37919,865-471-8887,sfrantzen1o@so-net.ne.jp
2021-06-28 06:24:14,0,7,Hewet,McLukie,7 Arizona Point,Dallas,Texas,75323,214-633-6274,hmclukie1p@posterous.com
2021-02-07 01:25:40,0,2,Nealy,Askin,2129 Glacier Hill Terrace,Terre Haute,Indiana,47812,812-117-6048,naskin1q@ftc.gov
2021-09-08 18:38:53,0,7,Gabriel,Covert,5730 Blackbird Lane,Las Vegas,Nevada,89140,702-765-0852,gcovert1r@wikia.com
2021-01-11 00:33:21,0,1,Avrom,Beniesh,0 Menomonie Plaza,Waco,Texas,76711,254-707-1148,abeniesh1s@booking.com
2021-10-25 01:32:17,0,3,Hubey,Shankster,422 Farragut Court,Los Angeles,California,90081,213-847-6925,hshankster1t@goo.ne.jp
2021-02-04 14:31:02,0,1,Dorry,Jirka,32 Butterfield Circle,Columbus,Georgia,31914,706-509-5935,djirka1u@google.de
2021-02-26 17:14:33,0,5,Dahlia,Moysey,9 Lukken Trail,Fort Worth,Texas,76178,682-462-5117,dmoysey1v@sphinn.com
2021-10-23 04:43:47,0,3,Tim,Livock,834 Norway Maple Pass,Vancouver,Washington,98682,360-356-5279,tlivock1w@businesswire.com
2021-05-14 13:45:32,0,7,Drona,Feake,59 Springs Point,Anchorage,Alaska,99522,907-957-6856,dfeake1x@artisteer.com
2021-05-02 15:50:35,0,6,Sapphira,Fraczek,3 Luster Alley,Jefferson City,Missouri,65105,573-725-4824,sfraczek1y@seattletimes.com
2021-09-05 10:32:01,0,7,Jacobo,Bealton,28 Clarendon Trail,Pensacola,Florida,32575,850-272-8840,jbealton1z@cdc.gov
2021-01-11 18:11:01,0,2,Lev,Philps,1 Badeau Drive,Seattle,Washington,98175,206-276-7016,lphilps20@forbes.com
2021-01-29 05:10:58,0,1,Evangelina,Knibley,9 Butternut Crossing,Fresno,California,93704,209-229-7208,eknibley21@photobucket.com
2021-02-08 13:27:04,0,2,Gwenni,Sirman,99009 Granby Hill,Nashville,Tennessee,37215,615-273-1821,gsirman22@rediff.com
2021-09-21 09:28:12,0,4,Nora,Braithwait,9 Eagle Crest Lane,Huntington Beach,California,92648,562-551-0567,nbraithwait23@symantec.com
2021-04-07 00:52:41,0,1,Chloe,Sawer,7394 Northport Point,Concord,California,94522,925-812-9151,csawer24@163.com
2021-06-08 07:00:56,0,1,Farlay,Gilstin,466 Lakewood Gardens Point,New York City,New York,10034,917-476-2043,fgilstin25@w3.org
2021-08-29 09:36:51,0,2,Padriac,Boyet,7533 Hollow Ridge Avenue,Beaumont,Texas,77705,409-267-1500,pboyet26@yellowpages.com
2021-09-10 05:42:42,0,6,Blinni,Ivashev,10226 Kim Street,Colorado Springs,Colorado,80930,719-804-0009,bivashev27@sina.com.cn
2021-01-26 18:12:03,0,4,Tabor,Houtby,37682 Towne Lane,Killeen,Texas,76544,254-611-6216,thoutby28@wiley.com
2021-03-30 05:43:21,0,1,Rosella,Ferreli,0303 Sugar Place,Anderson,Indiana,46015,765-321-6559,rferreli29@bigcartel.com
2021-08-26 17:27:36,0,4,Frank,Waggatt,2 Independence Road,Kissimmee,Florida,34745,407-408-9034,fwaggatt2a@va.gov
2021-09-03 20:31:00,0,4,Ferguson,Hardisty,273 Londonderry Lane,Los Angeles,California,90020,562-247-0762,fhardisty2b@hostgator.com
2021-05-15 02:05:09,0,1,Giana,Eddie,0001 Welch Plaza,San Jose,California,95194,408-776-6237,geddie2c@google.fr
2021-08-14 01:04:53,0,4,Alix,Binnell,9479 Division Crossing,Honolulu,Hawaii,96825,808-653-7411,abinnell2d@usgs.gov
2021-01-20 08:04:40,0,1,Evelin,Harcus,2380 Onsgard Circle,Nashville,Tennessee,37215,615-996-2135,eharcus2e@vkontakte.ru
2021-12-03 10:37:20,0,4,Tanner,Tichner,7 International Place,Dallas,Texas,75379,214-686-2773,ttichner2f@booking.com
2021-05-29 03:56:04,0,5,Johnathon,Seccombe,26 Merchant Way,Annapolis,Maryland,21405,443-956-2627,jseccombe2g@upenn.edu
2021-05-21 22:54:31,0,7,Ferdinande,Matyushkin,922 Ryan Crossing,Tyler,Texas,75799,903-492-7056,fmatyushkin2h@nps.gov
2021-08-29 03:38:56,0,5,Sheffy,Birtwistle,808 Farragut Pass,Richmond,Virginia,23225,804-715-7144,sbirtwistle2i@4shared.com
2021-09-08 11:03:05,0,3,Elie,Jaggard,521 Schurz Trail,Tyler,Texas,75710,903-921-3212,ejaggard2j@cbc.ca
2021-03-16 04:48:51,0,3,Sharl,Longhi,83785 Buell Terrace,Albuquerque,New Mexico,87115,505-582-3082,slonghi2k@tripod.com
2021-01-23 06:17:30,0,1,Josee,Toffel,0746 Elka Park,Akron,Ohio,44310,330-112-8668,jtoffel2l@digg.com
2021-09-09 05:47:50,0,2,Gunilla,Roberts,28 Fulton Crossing,New York City,New York,10292,212-837-1720,groberts2m@netvibes.com
2021-07-13 19:13:49,0,6,Bord,Kewley,39 Longview Drive,Erie,Pennsylvania,16565,814-829-0085,bkewley2n@earthlink.net
2021-06-12 10:25:53,0,4,Faye,Lightbown,418 Lakeland Lane,Washington,District of Columbia,20099,202-258-7731,flightbown2o@flickr.com
2021-03-27 12:04:16,0,4,Vergil,Martine,8896 Logan Trail,Danbury,Connecticut,06816,203-208-4677,vmartine2p@devhub.com
2021-02-23 02:09:02,0,6,Justina,Coaten,74 Stone Corner Lane,San Antonio,Texas,78255,210-400-5398,jcoaten2q@shareasale.com
2021-11-08 01:14:57,0,2,Arny,Bethell,586 Fair Oaks Pass,Grand Rapids,Michigan,49510,616-490-3410,abethell2r@drupal.org
